ResidualScore,RiskTCN,ISOScore,AEScore,DriftScore,DriftFlag,FusionRisk,TrueLabel,FinalAlarm
0.4534092,0.28117207,0.13351361176392446,0.09185865,0.0,0,0.011511702,0,0
0.4103279,0.24892925,0.07695529926977052,0.04789704,0.0,0,0.04045012,0,0
0.6653372,0.4397829,0.21164128523913292,0.06686316,0.0,0,0.6790815,0,0
0.83053434,0.56341946,0.6724536174934652,0.13265996,0.0,0,0.94656694,1,1
0.9549534,0.65653694,0.9039192446095514,0.10907262,0.0,0,0.9952937,1,1
0.522414,0.33281654,0.3683736757900448,0.032546997,0.027854157984256722,0,0.038826857,0,0
0.26085275,0.1370593,0.19496310444170464,0.031228228,0.04596353386129648,0,0.0018359885,0,0
0.46315414,0.28846535,0.12299998194386827,0.0034005772,0.02713679410517217,0,0.009291717,0,0
0.51109046,0.32434177,0.1084731468502484,0.1319219,0.015769748886426294,0,0.034655582,0,0
0.6664558,0.44062006,0.271072712689072,0.048141427,0.06665375679731372,0,0.01829732,0,0
0.744083,0.49871767,0.4550510146166776,0.056942202,0.045055650310082906,0,0.021747472,0,0
0.56174976,0.3622561,0.34557226364529864,0.13803464,0.0017037423948447206,0,0.37395963,1,0
0.50747246,0.321634,0.13553130425266088,0.0934176,0.012917660062129688,0,0.28004923,0,0
0.5923932,0.38519028,0.08625013465314897,0.06842599,0.024473502593381102,0,0.056345075,0,0
0.34559506,0.200482,0.052717116180609286,0.02651615,0.011772236227989175,0,0.0024590725,0,0
0.35414115,0.20687804,0.1008319797508021,0.04868766,0.06023077405989169,0,0.011470202,0,0
0.4459135,0.27556214,0.06354717623993454,0.071507506,0.07286623207961812,0,0.012646723,0,0
0.42962646,0.26337263,0.15716184994954469,0.106318995,0.07966056664784749,0,0.009982713,0,0
0.49155235,0.30971912,0.02910744691070297,0.031613104,0.09284751148600329,0,0.002322443,0,0
0.56478137,0.36452502,0.08789458602406602,0.016436812,0.06106264293193814,0,0.058772452,0,0
0.7132474,0.47563976,0.30210637559097303,0.117910855,0.013527713786988027,0,0.012173444,0,0
1.0533757,0.730198,0.9459803302519227,0.42945763,0.06017643755132501,0,0.99631953,1,1
0.4349634,0.2673669,0.203319850847999,0.035216603,0.06537300996158435,0,0.0027467585,0,0
0.43181744,0.2650124,0.1485057089688327,0.013519789,0.06056101694703103,0,0.0032755223,0,0
0.48981223,0.30841675,0.3741388523214344,0.030105539,0.05140218973159788,0,0.026779167,0,0
0.7200947,0.4807644,0.30244571909466267,0.18113558,0.0477025073308211,0,0.043915927,0,0
0.6716612,0.44451588,0.5261642785702619,0.48271912,0.012466020937319189,0,0.70608985,0,0
0.42384204,0.25904346,0.1270324964666612,0.016033463,0.010322213172912598,0,0.017311431,0,0
0.5980778,0.3894447,0.04701871106429525,0.061079327,0.013613490195109934,0,0.07564165,0,0
0.40557995,0.24537578,0.11307743457236923,0.15089436,0.0049202213684717555,0,0.0043994696,0,0
0.29338175,0.1614046,0.07293101579446817,0.06006717,0.05495948841174442,0,0.0017476352,0,0
0.6191591,0.40522236,0.24053005266664207,0.29942742,0.06802796423435209,0,0.019298563,0,0
0.33696675,0.19402441,0.13592549915077137,0.01770309,0.0728398233652115,0,0.0018906947,0,0
0.440032,0.27116033,0.1257586583837067,0.012022579,0.08675472736358641,0,0.00109357,0,0
1.0260174,0.7097226,0.9164063791564078,0.33080438,0.0043417771657307536,0,0.9950636,1,1
0.69294107,0.46044213,0.7002850887520531,0.1969412,0.05989509721597036,0,0.9868347,0,1
0.6239743,0.40882614,0.51810133675935,0.104552016,0.05155695974826813,0,0.10530707,0,0
0.69713867,0.46358368,0.4533386117222596,0.22811022,0.09963153501351679,1,0.022844829,1,0
0.541581,0.34716144,0.2604903585179634,0.016444279,0.11407110095024109,1,0.033112805,0,0
0.6141858,0.40150025,0.23181711005767824,0.110466026,0.05373062988122301,0,0.25947836,0,0
0.5231827,0.33339182,0.2361415680046955,0.19157462,0.03383142948150636,0,0.009934889,0,0
0.78222513,0.52726394,0.4304257724875453,0.14192715,0.0520187278588613,0,0.43307522,0,0
0.5312154,0.33940366,0.24215839055439464,0.106130496,0.026590401927630125,0,0.024201246,0,0
0.63409746,0.4164025,0.27048892268650804,0.07935186,0.039398204286893224,0,0.23414819,0,0
0.9632476,0.66274446,0.7212031724258602,0.31683922,0.07623829692602158,0,0.23441106,0,0
0.6651452,0.43963918,0.2428048465378975,0.044398148,0.08972906519969304,0,0.01840849,0,0
0.49686176,0.31369275,0.043159568765802944,0.05403392,0.0457438066601753,0,0.0059522116,0,0
0.5526313,0.3554317,0.14020005471673624,0.048635367,0.04588078012069069,0,0.15121765,0,0
0.5982236,0.38955384,0.36582265378505235,0.4296584,0.037849893669287316,0,0.12519857,0,0
0.4223711,0.2579426,0.04044892187357952,0.002940938,0.03955773363510767,0,0.0032847356,0,0
0.63764584,0.41905814,0.17968430369369195,0.22873288,0.04178788711627324,0,0.009572207,0,0
0.42402926,0.2591836,0.039914021416938915,0.080725394,0.036989238361517573,0,0.0012055408,0,0
0.6378511,0.4192118,0.13849927972342965,0.020644266,0.029294715821743034,0,0.030752623,0,0
0.51356554,0.32619417,0.08783293378212137,0.051842622,0.04400604317585627,0,0.032066345,0,0
0.20346098,0.094106264,0.2593628640001129,0.03569436,0.06962962473432227,0,0.00086606346,0,0
0.4549144,0.2822986,0.06667311119302718,0.104251176,0.09036600813269613,0,0.001969817,0,0
0.95092297,0.65352046,0.6472838774434464,0.39943352,0.01846545164783797,0,0.56802356,0,0
1.1832876,0.82742643,0.8595148274064797,1.0473423,0.044231374810139334,0,0.29942778,0,0
0.248751,0.12800214,0.22940958585188284,0.018556464,0.013307721167802766,0,0.002852008,0,0
0.23787954,0.11986574,0.2205863321626085,0.0746115,0.022643284002939856,0,0.0029560612,0,0
0.33714986,0.19416146,0.03706391273975977,0.039475597,0.0039239615201950295,0,0.0034712085,0,0
0.34097975,0.19702782,0.11301660848488337,0.08514162,0.08043475002050399,0,0.0041761813,0,0
0.25156212,0.13010603,0.22899726897380354,0.024612695,0.21776821762323378,1,0.0010079858,0,0
0.44230062,0.2728582,0.08236323986812344,0.040237445,0.18885360012451807,1,0.008607174,0,0
0.7642254,0.51379263,0.36478874525088234,0.06384457,0.10353722274303434,1,0.06953249,0,0
0.71885794,0.4798388,0.24422939105228053,0.14800058,0.047048312425613414,0,0.029540418,0,0
0.24107227,0.12225523,0.2320884171489452,0.03434397,0.05245046640435852,0,0.0019061755,0,0
0.63471574,0.41686523,0.372241392168131,0.25959662,0.006458654751380299,0,0.096684195,0,0
0.58214796,0.37752253,0.06921011783674796,0.03852118,0.02637948368986448,0,0.01367965,0,0
0.44853503,0.27752414,0.10120709489342027,0.059086334,0.01674167737364768,0,0.023983752,0,0
0.40476727,0.24476756,0.02311489866627496,0.042844206,0.060801780968904484,0,0.002962774,0,0
0.73122466,0.48909426,0.3138109142103893,0.052386906,0.013838347544272767,0,0.017121695,0,0
0.6151907,0.40225232,0.11276586224636521,0.055531006,0.008820809672276164,0,0.5392506,0,0
0.49514228,0.31240585,0.10311284977711963,0.059394326,0.0007359705865383481,0,0.19012883,0,0
0.3794713,0.22583559,0.09411764633474111,0.09647574,0.0034899480640888103,0,0.00081525836,0,0
0.53410876,0.3415691,0.18478504971031273,0.08044781,0.026119257758061065,0,0.23802204,1,0
0.3994129,0.24076025,0.005954643957637296,0.008242861,0.02111646011471746,0,0.0012801522,0,0
0.33806834,0.19484887,0.05078443749583962,0.048421785,0.05724438900748885,0,0.0320897,0,0
0.29273108,0.16091762,0.1931226541636359,0.09240951,0.07992082759737967,0,0.0037049148,0,0
0.5172547,0.3289552,0.06246192217283234,0.026860356,0.061663992454608296,0,0.03924486,0,0
0.3381173,0.1948855,0.12710022540407676,0.026120381,0.08352828895052275,0,0.0032506182,0,0
0.51116025,0.32439402,0.022132546355169824,0.026159698,0.06897521689534186,0,0.0023202742,0,0
0.16324465,0.064007625,0.3570126728545373,0.009550092,0.08330332562327383,0,0.001173014,0,0
0.6864187,0.45556065,0.18845125503356436,0.1237498,0.028686935951312387,0,0.0137522705,0,0
0.420364,0.25644043,0.02162712254954148,0.023988646,0.04860102931658428,0,0.011409671,0,0
0.40400752,0.24419895,0.10427442160739087,0.030197794,0.03746835291385653,0,0.2630919,0,0
0.50014174,0.31614757,0.2559204781291033,0.16773808,0.027871879935264576,0,0.20102778,1,0
0.54927814,0.35292214,0.1374690334595969,0.039791282,0.045727833112080896,0,0.06211355,0,0
0.2969684,0.16408892,0.1486063130305132,0.11969511,0.01376940657695136,0,0.14175572,0,0
0.26835915,0.14267723,0.2297556693325856,0.004842754,0.03728242938717208,0,0.0014112076,0,0
0.4270656,0.26145604,0.09971975880391538,0.053503536,0.03607416326800983,0,0.006704625,0,0
0.63523465,0.41725358,0.25958737919899344,0.13627239,0.023193818579117453,0,0.07792143,0,0
0.4506258,0.2790889,0.03447251986876056,0.01817011,0.042926560093959176,0,0.004091121,0,0
0.45532933,0.28260913,0.036689881516481254,0.05842238,0.01954754814505577,0,0.0023918017,0,0
0.33635113,0.19356367,0.11057606967391767,0.038254544,0.0013040381173293203,0,0.1736903,0,0
0.5124015,0.325323,0.20311468554903253,0.017869039,0.019227953503529238,0,0.0265004,0,0
0.49946547,0.31564143,0.023763553529130413,0.018749297,0.007540683448314656,0,0.04429446,0,0
0.3844274,0.22954483,0.22452252302433476,0.010335051,0.011205486456553115,0,0.0052743144,0,0
0.31215805,0.17545712,0.039921393359641164,0.038138308,0.02590037584304808,0,0.0027377687,0,0
0.47224993,0.2952728,0.030075715569311545,0.066071205,0.00615017215410868,0,0.0155730955,0,0
0.38476053,0.22979414,0.043846595198567984,0.03235226,0.02475682646036148,0,0.002658818,0,0
0.5012518,0.31697837,0.08203525876905407,0.021899056,0.018752243618170406,0,0.027257195,0,0
1.0456288,0.72440004,0.8083130970860596,0.22295296,0.06948054085175193,0,0.046906058,0,0
0.9614668,0.66141164,0.7990350229605269,0.113579534,0.15503791918357213,1,0.9875844,1,1
0.5707823,0.36901623,0.43411353395101065,0.029483983,0.16501391778389612,1,0.044691678,0,0
0.808809,0.5471598,0.7346764849141141,0.07104392,0.2216340238849322,1,0.992725,1,1
0.45150453,0.2797466,0.05769316875491484,0.061268963,0.21288812458515172,1,0.00779147,0,0
0.4613276,0.28709835,0.0574412489991964,0.03043631,0.12235280275344845,1,0.0013711217,0,0
0.3539635,0.20674509,0.022009199248039058,0.02978531,0.029891909658908866,0,0.0012742577,0,0
1.1178749,0.77847034,0.9712488311983557,1.980499,0.09679889331261315,1,0.98705614,0,1
0.22763753,0.112200424,0.17374633868180195,0.026176896,0.012563189367453265,0,0.003701046,0,0
0.8378233,0.5688746,0.4852410630032654,0.07258452,0.062239437798659036,0,0.12186509,0,0
0.1628061,0.0636794,0.39217984493201674,0.010702618,0.017566588521003734,0,0.003347665,0,0
0.44535428,0.27514362,0.05227995544936861,0.13670917,0.037260196606318186,0,0.0005561938,0,0
0.734221,0.49133676,0.35457287065902243,0.19084996,0.027996396025021908,0,0.23549977,0,0
1.0817459,0.75143075,0.8994563241676143,0.48881358,0.08294194241364794,0,0.9982823,1,1
0.2848817,0.15504302,0.16947963564949717,0.012051744,0.0055457785725593345,0,0.03649022,0,0
0.88981473,0.60778594,0.593067080549963,0.15639019,0.10587162723143895,1,0.3040806,0,0
0.5081874,0.3221691,0.24855118993704778,0.034206696,0.11000738243261976,1,0.017160753,0,0
0.6933857,0.4607749,0.6473922225252484,0.02879001,0.09329175402720769,0,0.8081683,1,1
0.62229556,0.40756974,0.18572790181509907,0.10397558,0.0196490948398908,0,0.008414493,0,0
0.50229454,0.31775874,0.03944106963288543,0.044721812,0.055508733292420676,0,0.023555383,1,0
0.42310387,0.258491,0.05078703106829746,0.034319382,0.01366365601619085,0,0.0019266375,0,0
0.7648648,0.51427114,0.35078896616351163,0.09946848,0.01703468610843023,0,0.076622754,0,0
0.67921793,0.45017147,0.4589817983143843,0.43771288,0.006360407173633564,0,0.03809929,0,0
0.6587718,0.43486923,0.18828755718978474,0.01587199,0.008168764412403107,0,0.24603799,0,0
0.4108821,0.249344,0.0077743776129863655,0.0033117717,0.003304267923037174,0,0.0014868659,0,0
0.6900381,0.45826948,0.23313282465850318,0.05414013,0.0290272707740466,0,0.023240492,0,0
0.36589774,0.2156769,0.014711674564321557,0.016474977,0.032032235960165634,0,0.002344475,0,0
0.5094067,0.3230816,0.06453703581592604,0.06806406,0.05837716807921728,0,0.01862584,0,0
0.9138921,0.6258059,0.6207751459270171,0.15732463,0.03339022348324455,0,0.770487,0,0
0.9665968,0.6652511,0.8750959605910336,0.3268088,0.03818210015694301,0,0.99764663,1,1
0.294304,0.16209485,0.14205834223422156,0.012912902,0.0023093193769455067,0,0.0070162253,0,0
0.3227346,0.18337281,0.11640722821023697,0.07262644,0.00716448972622552,0,0.0095567135,0,0
0.40274453,0.24325371,0.059866351840791025,0.055564683,0.004609007140000676,0,0.0025705684,0,0
0.24964607,0.12867202,0.19598056637481734,0.02228991,0.09008619387944539,0,0.0035220191,0,0
0.49987048,0.31594455,0.02571246958760888,0.009868372,0.16115409731864927,1,0.015612928,0,0
0.23148222,0.115077876,0.19212573325407173,0.027447216,0.16482347572843234,1,0.011111665,0,0
0.80397475,0.5435417,0.4063003635493071,0.1382183,0.10401624664664266,1,0.066787235,0,0
0.62226665,0.4075481,0.18337112271958483,0.095244676,0.05879329368472097,0,0.012984599,0,0
0.4993859,0.31558186,0.11897983952720219,0.049207065,0.028190706918636954,0,0.06773106,0,0
0.41945466,0.25575987,0.343702692418133,0.121494696,0.0297904866437117,0,0.011489439,0,0
0.36093193,0.21196039,0.08110109263537026,0.058461465,0.015356683482726396,0,0.0040198048,0,0
0.4518025,0.27996957,0.059494041372175926,0.016775122,0.06823197975754736,0,0.0012772256,0,0
0.5957488,0.38770163,0.23448361956020977,0.031705204,0.06874676917990052,0,0.036403377,0,0
0.46832228,0.29233328,0.15318079920573838,0.017276216,0.058093236635128664,0,0.00259606,0,0
0.51414883,0.3266307,0.08371959653697421,0.10460229,0.04963865702350939,0,0.004120083,0,0
0.37738997,0.22427788,0.0330186788281395,0.02319069,0.034391556431849823,0,0.007610132,0,0
0.6635458,0.43844214,0.47639646943545794,0.65229565,0.006572811057170225,0,0.062612675,0,0
0.22572437,0.11076858,0.2100333500420902,0.018473288,0.050292544066905975,0,0.001439827,0,0
0.81465167,0.55153257,0.439546202531639,0.4152992,0.003251446783542611,0,0.54146665,0,0
0.85660857,0.58293384,0.6848476260230845,0.22438449,0.03917000939448673,0,0.068080604,0,0
0.5267066,0.33602917,0.09695451294120747,0.06518326,0.058935661613941204,0,0.15015091,0,0
0.75466776,0.5066395,0.32848479673580805,0.16224603,0.07282951821883521,0,0.026791535,0,0
0.3557697,0.20809688,0.08899851514172379,0.091319755,0.10036433090766272,1,0.0021758243,0,0
0.4514184,0.27968213,0.014040108997869049,0.009550052,0.051167146861553214,0,0.002751011,1,0
0.9771594,0.6731563,0.9042155640967418,0.3722555,0.05508456528186795,0,0.99609596,1,1
0.9562441,0.65750295,0.5986918795274347,0.24176405,0.11273820499579107,1,0.5390507,0,0
0.5208087,0.3316151,0.3266914572491289,0.029247345,0.07386872073014578,0,0.028378665,0,0
0.4398976,0.27105975,0.03154590083202165,0.12658861,0.08819535772005715,0,0.0018255634,0,0
0.8020171,0.5420766,0.5155638853350859,0.1264285,0.1434652268886566,1,0.08984723,0,0
0.42216793,0.25779054,0.030838404588688043,0.033116482,0.07397408783435822,0,0.0041282712,0,0
0.3290478,0.18809773,0.061520623228640055,0.016670337,0.020773718754450443,0,0.0034108267,0,0
0.1772727,0.07450648,0.3786769034683821,0.018355556,0.06856656372547149,0,0.0005809311,0,0
0.33704358,0.19408192,0.04697560244292436,0.0017644383,0.08232307086388269,0,0.001185469,0,0
0.4738163,0.29644513,0.04352400590476922,0.02264409,0.13704179922739665,1,0.009365229,0,0
0.43592224,0.2680845,0.02023328081339052,0.02742676,0.1333876719077428,1,0.0027196256,0,0
0.47090974,0.2942698,0.05065376549319191,0.022897879,0.11812632208069168,1,0.0020077417,0,0
0.72143507,0.48176754,0.5464565475343858,0.7249198,0.03461497053503987,0,0.34573567,0,0
0.7254559,0.4847768,0.43743660455360023,0.23588394,0.020949715127547563,0,0.021432495,0,0
0.61010706,0.39844763,0.23677462736076282,0.024381967,0.03858802293737734,0,0.004757823,0,0
0.7374297,0.4937382,0.3063720701803446,0.021782445,0.07578615322709081,0,0.009096785,0,0
0.31592795,0.1782786,0.06535761622735348,0.015076902,0.05371063873171805,0,0.004802411,0,0
0.48925287,0.30799812,0.09119820529876249,0.019769005,0.01802247092127801,0,0.009307704,0,0
0.1819669,0.0780197,0.30072252327486926,0.02431056,0.05300621688365936,0,0.00270621,0,0
0.36523387,0.21518004,0.06139018409957451,0.0051801163,0.08708796103795374,0,0.001771651,0,0
0.38453624,0.22962628,0.24049488659679985,0.21067254,0.13667686432600024,1,0.0012531643,0,0
0.56539273,0.3649826,0.21026607261346633,0.1273837,0.10402621974547704,1,0.0730107,0,0
0.6604076,0.43609348,0.6331022217738396,0.81141895,0.0783288593093554,0,0.02458616,0,0
0.3505029,0.20415512,0.3117007624705908,0.30533826,0.05621466065446534,0,0.0020518943,0,0
0.30887085,0.17299692,0.14255963534814495,0.036858093,0.05203342909614245,0,0.0020603049,0,0
1.0639862,0.73813903,0.9251687243683089,0.3069016,0.044495614618063006,0,0.9948914,1,1
0.46214032,0.2877066,0.1358467343942351,0.10947487,0.030651168276866314,0,0.0029295606,0,0
0.48815522,0.30717662,0.13373017310003144,0.050191186,0.011516558378934838,0,0.06291061,0,0
0.44433612,0.2743816,0.03742239582446311,0.03176734,0.02335236544410385,0,0.011550008,0,0
0.43824568,0.2698234,0.006266548504901925,0.041469295,0.04304628546039263,0,0.0044255494,0,0
0.77638143,0.5228904,0.4608207089809537,0.16159108,0.005005420992771792,0,0.025562862,0,0
0.5146284,0.32698965,0.18994646547428626,0.22047754,0.0238791383802891,0,0.0034794952,0,0
0.37844628,0.22506845,0.09726626800657101,0.018396514,0.011009059101343144,0,0.18808955,0,0
0.660902,0.4364635,0.675759719360356,0.13975087,0.03791198010245961,0,0.9642066,1,1
0.66646326,0.44062564,0.2588650521149098,0.11344635,0.07545412555336956,0,0.012986481,0,0
0.7780138,0.5241121,0.8272805734497146,0.58081675,0.06682108317812285,0,0.9935867,1,1
0.4230775,0.25847128,0.15719942975446116,0.011852559,0.050771624098221446,0,0.0015354824,0,0
0.5671509,0.36629844,0.10741702707135652,0.15296255,0.06929122284054756,0,0.004182091,0,0
0.7530507,0.50542927,0.6527024603150116,0.18790954,0.07270613039533297,0,0.056442033,0,0
0.7513793,0.50417835,0.2890941803678884,0.16888599,0.0784922314186891,0,0.029918915,1,0
0.376647,0.22372183,0.020727060708284693,0.0034573346,0.01989293222626054,0,0.0021551803,0,0
0.41680598,0.25377756,0.006324793148819361,0.065399416,0.020303930093844735,0,0.0022731663,0,0
0.11631068,0.028881382,0.44821783329738524,0.03652616,0.03208327579001585,0,0.0013618162,0,0
0.19188835,0.08544509,0.3137561365450875,0.11917366,0.1027690543482701,1,0.0070290477,0,0
0.41490468,0.2523546,0.19044963127888218,0.02229244,0.1482640369484822,1,0.006053484,0,0
0.69253916,0.46014133,0.19852696174320997,0.08411056,0.09986024138828117,1,0.8187521,0,1
0.32079417,0.18192056,0.09483842739565318,0.021321276,0.11435304122666518,1,0.0010921593,0,0
0.4272228,0.26157367,0.06278253586898541,0.058201846,0.06626710159083204,0,0.019114656,0,0
0.7475998,0.5013497,0.3661178881063765,0.19447848,0.0028028181443611744,0,0.02999986,0,0
0.3112095,0.17474721,0.20206688367412678,0.3281038,0.011370896672209141,0,0.0034490018,0,0
0.24596882,0.1259199,0.19849033315734488,0.058457084,0.07475830453137555,0,0.0032941722,0,0
0.867273,0.5909153,0.8320891567836106,0.10475387,0.0004904422909021156,0,0.99768543,1,1
0.45403036,0.28163695,0.02325362144276703,0.019703157,0.008670764788985263,0,0.0015930375,0,0
0.30190015,0.16777992,0.16675685575604393,0.047970176,0.056830681736270594,0,0.038665947,0,0
0.66393816,0.4387358,0.2677578331112452,0.19877985,0.012890924885869015,0,0.12831832,0,0
0.6363193,0.41806534,0.19430122293512947,0.10297477,0.056207287435730335,0,0.1411758,0,0
0.5689955,0.36767894,0.19908734992152985,0.07116303,0.008894266809026385,0,0.055117916,0,0
0.5794097,0.37547317,0.29827700860872997,0.010045897,0.025384958709279704,0,0.006604437,0,0
0.5186661,0.33001152,0.066982115554541,0.01988482,0.05597694727281732,0,0.006568022,0,0
0.54416,0.34909162,0.6046086052708589,0.08060477,0.03540583464006586,0,0.7493596,0,0
0.42459878,0.25960982,0.06875277309250094,0.07916907,0.012490749483307195,0,0.008684557,0,0
0.75224835,0.50482875,0.6871357705154064,0.565853,0.03399274162948129,0,0.20010053,0,0
0.33754724,0.19445886,0.13526889415208906,0.06392805,0.0011898014694452508,0,0.17861478,0,0
0.81369674,0.55081785,0.5187967562969897,0.050430913,0.039159653211633394,0,0.19060573,0,0
0.32783082,0.18718691,0.03320166489367033,0.005525773,0.015226669237017654,0,0.0018796328,0,0
0.9933613,0.6852821,0.7958216142820603,0.28320011,0.09498879425227641,0,0.6054126,0,0
0.608246,0.3970548,0.4392797823436813,0.016092407,0.06881455195446812,0,0.03910609,0,0
0.4950455,0.31233343,0.08491338912507616,0.07712181,0.09418830089271069,0,0.015405859,0,0
0.30435818,0.16961956,0.11083581959596238,0.013157027,0.02914230041205884,0,0.0025696296,0,0
0.58789396,0.38182294,0.1571261655582287,0.13312933,0.07214802019298072,0,0.004439289,0,0
0.18942976,0.083605036,0.31229680761071493,0.0097345235,0.04351683494945369,0,0.081247084,0,0
0.5199888,0.33100143,0.033357072033606404,0.011605825,0.05930163599550725,0,0.0066831387,0,0
0.32146275,0.18242094,0.11056336967135345,0.1521449,0.0904021203517914,0,0.0032667522,0,0
0.47639665,0.2983763,0.03449359303473937,0.056135587,0.07174848069747286,0,0.042836055,0,0
0.53429574,0.34170902,0.0726377086732953,0.025012186,0.08274974673986435,0,0.012480787,0,0
0.96164143,0.66154236,0.8688901937968202,0.23966077,0.02612434973319372,0,0.99326175,1,1
0.41911554,0.25550607,0.08553060487664668,0.08516737,0.008572426935037014,0,0.0032455625,0,0
0.52222764,0.33267704,0.3526136863460082,0.11965066,0.03625353425741196,0,0.14082207,0,0
0.71043146,0.47353223,0.31310269952669717,0.06928962,0.07221197038888932,0,0.29446575,0,0
0.67571664,0.44755104,0.49865272228946095,0.27626607,0.08428691426912943,0,0.029413695,0,0
0.5915864,0.38458645,0.24377146470891548,0.15677631,0.02027351508537928,0,0.051135916,0,0
0.5296422,0.33822626,0.1388054412242729,0.06002937,0.04524052192767464,0,0.056901943,0,0
0.49082428,0.3091742,0.19280966839375308,0.07584386,0.03962204804023106,0,0.16588187,0,0
0.45691118,0.283793,0.06404046609625978,0.03285904,0.002192900081475546,0,0.012934127,0,0
0.13050328,0.039503384,0.43668677466837685,0.05406472,0.07049468395610653,0,0.009849805,0,0
0.63089436,0.41400522,0.20424413430204355,0.10200884,0.06447559334337716,0,0.041385636,0,0
0.50211465,0.31762412,0.19240556581388762,0.14061278,0.06692752676705521,0,0.0026602333,0,0
0.47785467,0.2994675,0.13232213461514872,0.005163526,0.06633534568051497,0,0.028768847,0,0
0.41933185,0.25566795,0.08756260133058864,0.044966493,0.06948223647971946,0,0.020601256,0,0
0.45729393,0.28407946,0.12080841931186811,0.18632016,0.01839994899928571,0,0.0051025674,0,0
0.53121054,0.33940002,0.11898599999853025,0.019812185,0.03598066183427967,0,0.14117861,0,0
0.6105715,0.39879522,0.08427085180582496,0.012041767,0.016211991632978096,0,0.12860005,0,0
0.65203184,0.4298249,0.3831703464749295,0.02795656,0.0020139509191115512,0,0.05466322,0,0
0.67009556,0.44334412,0.27862734751615925,0.060831446,0.04313164092600347,0,0.6828237,0,0
0.6229216,0.40803826,0.21687038451168705,0.15630743,0.060561688616871834,0,0.024426118,0,0
0.5096873,0.32329163,0.01846564441143088,0.021640977,0.06940635927021499,0,0.003030191,0,0
0.4213864,0.2572056,0.04551404447307074,0.021411117,0.045750076447924004,0,0.02878234,0,0
0.5326123,0.34044912,0.24393794209259906,0.5091315,0.026937733963131927,0,0.008296042,0,0
0.2691142,0.14324231,0.13067670963257003,0.0150783155,0.032203384861350104,0,0.016727064,0,0
0.58329284,0.37837937,0.14902141249988068,0.08583894,0.03802037599186098,0,0.018770413,0,0
0.39666975,0.23870723,0.02545264922387383,0.0070771333,0.06010732911527156,0,0.0013797928,0,0
1.1195555,0.7797281,0.8414473514188078,0.15296549,0.029439616575837102,0,0.87238616,0,1
0.5332798,0.34094867,0.1531521666804512,0.01635517,0.024255268151561427,0,0.23438026,0,0
0.5170301,0.32878712,0.37965246997499297,0.7279025,0.06035053469240664,0,0.0039907503,0,0
0.6849062,0.45442867,0.2601122377318996,0.22471096,0.07180307246744633,0,0.009468855,0,0
0.40776664,0.24701235,0.14851147072684762,0.27778634,0.08728176293273765,0,0.0010634759,0,0
0.5864677,0.38075548,0.1417232927975258,0.025852391,0.003312256311376882,0,0.35099941,0,0
0.5367265,0.34352824,0.07386087259635288,0.038242135,0.0034664634615182988,0,0.27735975,0,0
0.44466075,0.27462456,0.11194404603352781,0.114566825,0.0007357931385437722,0,0.002607713,0,0
0.9952566,0.6867006,0.8890577337032108,0.5243485,0.03774693744877977,0,0.98219097,0,1
0.40909672,0.2480078,0.15390202329817892,0.03428224,0.04249865052600704,0,0.018923875,0,0
0.4366507,0.2686297,0.049650909551224996,0.023821615,0.022393378987908386,0,0.010822629,0,0
0.3674218,0.21681753,0.049391885232136265,0.06915186,0.0001297924667596484,0,0.0072921594,0,0
0.596362,0.3881606,0.3128713908567744,0.050336733,0.01935807901124159,0,0.02486094,0,0
0.6932707,0.4606888,0.31565405244909794,0.27063492,0.039883791406949365,0,0.5501511,1,0
0.8535447,0.5806408,0.5505254018209297,0.363763,0.021088287234306335,0,0.0805349,0,0
0.6048845,0.39453897,0.3995820465343631,0.29482043,0.04370631277561188,0,0.03164107,0,0
0.45295006,0.28082845,0.14217921797847408,0.20683323,0.05712979833285009,0,0.0018977987,0,0
0.4069851,0.24642743,0.10154077507243031,0.11201527,0.02909118483463924,0,0.03769173,0,0
0.4538278,0.28148535,0.2085528931572819,0.23694134,0.006663034856319416,0,0.017292526,0,0
1.1642116,0.81314963,0.9705201929018502,0.7029107,0.024047079185644804,0,0.9940054,1,1
0.3466919,0.2013029,0.1855889582691143,0.29618806,0.008017057180404685,0,0.0010062347,0,0
0.12372961,0.034433845,0.4993015002805516,0.024623327,0.04411627588172751,0,0.003294249,0,0
0.72510517,0.48451433,0.5412177571769676,0.38662797,0.002128762627641334,0,0.23374508,0,0
0.75126505,0.5040929,0.4120194077447537,0.04616662,0.043448446815212594,0,0.060043305,0,0
0.4227778,0.25824696,0.1362849776345365,0.12589686,0.06536393202841284,0,0.00895559,0,0
0.3342362,0.19198082,0.02708365117701518,0.0012876234,0.06505418804784618,0,0.00086330716,0,0
0.82719505,0.56092024,0.6388700598375429,0.48950994,0.032894053434332216,0,0.39789996,0,0
0.70686805,0.47086534,0.7303133467503465,0.10420819,0.01924348858495556,0,0.9961216,1,1
0.50935537,0.3230432,0.018380050459587616,0.06867693,0.015121907119949651,0,0.00993103,0,0
0.3628515,0.21339703,0.025935242311263984,0.0005627991,0.023248220110933027,0,0.00083608396,0,0
0.43421298,0.26680526,0.06426101353786207,0.04565064,0.00881409582992393,0,0.016767927,0,0
0.63166606,0.4145828,0.2602900411447567,0.06469114,0.022907864674925782,0,0.039388955,0,0
0.55326986,0.35590962,0.2664898062863413,0.026049415,0.04680309258401394,0,0.005115095,0,0
0.8297054,0.56279904,0.507426097442815,0.22066692,0.00246427021920681,0,0.026006272,0,0
0.5814377,0.37699097,0.07374998484435082,0.035962045,0.0259218984593948,0,0.019567756,0,0
0.6995777,0.4654091,0.2531228066683634,0.028608155,0.0628208789974451,0,0.025105538,1,0
0.6367119,0.4183592,0.22773185717368663,0.23942146,0.06108179427683352,0,0.007379051,0,0
0.54934853,0.35297483,0.07193982140004736,0.054327313,0.05788316167891022,0,0.01598335,0,0
0.46637994,0.2908796,0.013002656681891343,0.0077325553,0.016693308328588785,0,0.0071388064,0,0
0.6296965,0.4131087,0.1885569158683597,0.06201865,0.018413491422931305,0,0.10628028,0,0
